<?xml version='1.0' encoding='UTF-8'?>
<types:mule xmlns:types="http://www.mulesoft.org/schema/mule/types">
  <types:catalog>
    <types:type name="auto_9600acdd-6410-4a88-b43d-000679eb2985_Input-Payload" format="json">
      <types:shape format="weave" example="weave/autogenerated/9600acdd-6410-4a88-b43d-000679eb2985/Input-Payload.wev" autogeneratedOrigin="4218e80e-9126-4bb4-8c53-8d44743934c8"><![CDATA[%dw 2.0

type auto_9600acdd_6410_4a88_b43d_000679eb2985_Input_Payload = Any

]]></types:shape>
    </types:type>
    <types:type name="auto_9600acdd-6410-4a88-b43d-000679eb2985_Input-Attributes" format="java">
      <types:shape format="weave" example="weave/autogenerated/9600acdd-6410-4a88-b43d-000679eb2985/Input-Attributes.wev" autogeneratedOrigin="4218e80e-9126-4bb4-8c53-8d44743934c8"><![CDATA[%dw 2.0

type auto_9600acdd_6410_4a88_b43d_000679eb2985_Input_Attributes = {|
  clientCertificate?: {|
    publicKey?: {|  |}, 
    "type"?: String, 
    encoded?: Binary
  |}, 
  headers: {|
    client_id: String, 
    client_secret: String, 
    "x-transaction-id": String
  |}, 
  listenerPath: String, 
  method: String, 
  queryParams: {| path: String |}, 
  queryString: String, 
  relativePath: String, 
  remoteAddress: String, 
  requestPath: String, 
  requestUri: String, 
  scheme: String, 
  uriParams: {|  |}, 
  version: String, 
  localAddress: String
|}

]]></types:shape>
    </types:type>
    <types:type name="auto_9600acdd-6410-4a88-b43d-000679eb2985_Input-Variables-path" format="java">
      <types:shape format="raml" autogeneratedOrigin="4218e80e-9126-4bb4-8c53-8d44743934c8"><![CDATA[#%RAML 1.0 DataType
type: string]]></types:shape>
    </types:type>
    <types:type name="auto_9600acdd-6410-4a88-b43d-000679eb2985_Input-Variables-name" format="java">
      <types:shape format="weave" example="weave/autogenerated/9600acdd-6410-4a88-b43d-000679eb2985/Input-Variables-name.wev" autogeneratedOrigin="4218e80e-9126-4bb4-8c53-8d44743934c8"><![CDATA[%dw 2.0

type auto_9600acdd_6410_4a88_b43d_000679eb2985_Input_Variables_name = String | Null

]]></types:shape>
    </types:type>
    <types:type name="auto_9600acdd-6410-4a88-b43d-000679eb2985_Input-Variables-warehouse" format="java">
      <types:shape format="weave" example="weave/autogenerated/9600acdd-6410-4a88-b43d-000679eb2985/Input-Variables-warehouse.wev" autogeneratedOrigin="4218e80e-9126-4bb4-8c53-8d44743934c8"><![CDATA[%dw 2.0

type auto_9600acdd_6410_4a88_b43d_000679eb2985_Input_Variables_warehouse = Null

]]></types:shape>
    </types:type>
    <types:type name="auto_9600acdd-6410-4a88-b43d-000679eb2985_Output-Payload" format="json">
      <types:shape format="weave" example="weave/autogenerated/9600acdd-6410-4a88-b43d-000679eb2985/Output-Payload.wev" autogeneratedOrigin="4218e80e-9126-4bb4-8c53-8d44743934c8"><![CDATA[%dw 2.0

type auto_9600acdd_6410_4a88_b43d_000679eb2985_Output_Payload = Any

]]></types:shape>
    </types:type>
    <types:type name="auto_9600acdd-6410-4a88-b43d-000679eb2985_Output-Attributes" format="java">
      <types:shape format="weave" example="weave/autogenerated/9600acdd-6410-4a88-b43d-000679eb2985/Output-Attributes.wev" autogeneratedOrigin="4218e80e-9126-4bb4-8c53-8d44743934c8"><![CDATA[%dw 2.0

type auto_9600acdd_6410_4a88_b43d_000679eb2985_Output_Attributes = {|
  clientCertificate?: {|
    publicKey?: {|  |}, 
    "type"?: String, 
    encoded?: Binary
  |}, 
  headers: {|
    client_id: String, 
    client_secret: String, 
    "x-transaction-id": String
  |}, 
  listenerPath: String, 
  method: String, 
  queryParams: {| path: String |}, 
  queryString: String, 
  relativePath: String, 
  remoteAddress: String, 
  requestPath: String, 
  requestUri: String, 
  scheme: String, 
  uriParams: {|  |}, 
  version: String, 
  localAddress: String
|}

]]></types:shape>
    </types:type>
    <types:type name="auto_9600acdd-6410-4a88-b43d-000679eb2985_Output-Variables-outboundHeaders" format="java">
      <types:shape format="weave" example="weave/autogenerated/9600acdd-6410-4a88-b43d-000679eb2985/Output-Variables-outboundHeaders.wev" autogeneratedOrigin="4218e80e-9126-4bb4-8c53-8d44743934c8"><![CDATA[%dw 2.0

type auto_9600acdd_6410_4a88_b43d_000679eb2985_Output_Variables_outboundHeaders = {|  |}

]]></types:shape>
    </types:type>
    <types:type name="auto_9600acdd-6410-4a88-b43d-000679eb2985_Output-Variables-path" format="java">
      <types:shape format="raml" autogeneratedOrigin="4218e80e-9126-4bb4-8c53-8d44743934c8"><![CDATA[#%RAML 1.0 DataType
type: string]]></types:shape>
    </types:type>
    <types:type name="auto_9600acdd-6410-4a88-b43d-000679eb2985_Output-Variables-httpStatus" format="java">
      <types:shape format="raml" autogeneratedOrigin="4218e80e-9126-4bb4-8c53-8d44743934c8"><![CDATA[#%RAML 1.0 DataType
type: string]]></types:shape>
    </types:type>
    <types:type name="auto_9600acdd-6410-4a88-b43d-000679eb2985_Output-Variables-name" format="java">
      <types:shape format="weave" example="weave/autogenerated/9600acdd-6410-4a88-b43d-000679eb2985/Output-Variables-name.wev" autogeneratedOrigin="4218e80e-9126-4bb4-8c53-8d44743934c8"><![CDATA[%dw 2.0

type auto_9600acdd_6410_4a88_b43d_000679eb2985_Output_Variables_name = String | Null

]]></types:shape>
    </types:type>
    <types:type name="auto_9600acdd-6410-4a88-b43d-000679eb2985_Output-Variables-warehouse" format="java">
      <types:shape format="weave" example="weave/autogenerated/9600acdd-6410-4a88-b43d-000679eb2985/Output-Variables-warehouse.wev" autogeneratedOrigin="4218e80e-9126-4bb4-8c53-8d44743934c8"><![CDATA[%dw 2.0

type auto_9600acdd_6410_4a88_b43d_000679eb2985_Output_Variables_warehouse = Null

]]></types:shape>
    </types:type>
  </types:catalog>
  <types:enrichment select="#9600acdd-6410-4a88-b43d-000679eb2985">
    <types:processor-declaration>
      <types:input-event>
        <types:message>
          <types:payload type="auto_9600acdd-6410-4a88-b43d-000679eb2985_Input-Payload"/>
          <types:attributes type="auto_9600acdd-6410-4a88-b43d-000679eb2985_Input-Attributes"/>
        </types:message>
        <types:variables>
          <types:variable name="path" type="auto_9600acdd-6410-4a88-b43d-000679eb2985_Input-Variables-path"/>
          <types:variable name="name" type="auto_9600acdd-6410-4a88-b43d-000679eb2985_Input-Variables-name"/>
          <types:variable name="warehouse" type="auto_9600acdd-6410-4a88-b43d-000679eb2985_Input-Variables-warehouse"/>
        </types:variables>
      </types:input-event>
      <types:output-event>
        <types:message>
          <types:payload type="auto_9600acdd-6410-4a88-b43d-000679eb2985_Output-Payload"/>
          <types:attributes type="auto_9600acdd-6410-4a88-b43d-000679eb2985_Output-Attributes"/>
        </types:message>
        <types:variables>
          <types:variable name="outboundHeaders" type="auto_9600acdd-6410-4a88-b43d-000679eb2985_Output-Variables-outboundHeaders"/>
          <types:variable name="path" type="auto_9600acdd-6410-4a88-b43d-000679eb2985_Output-Variables-path"/>
          <types:variable name="httpStatus" type="auto_9600acdd-6410-4a88-b43d-000679eb2985_Output-Variables-httpStatus"/>
          <types:variable name="name" type="auto_9600acdd-6410-4a88-b43d-000679eb2985_Output-Variables-name"/>
          <types:variable name="warehouse" type="auto_9600acdd-6410-4a88-b43d-000679eb2985_Output-Variables-warehouse"/>
        </types:variables>
      </types:output-event>
    </types:processor-declaration>
  </types:enrichment>
</types:mule>